                  epoch,         train/box_loss,         train/cls_loss,         train/dfl_loss,   metrics/precision(B),      metrics/recall(B),       metrics/mAP50(B),    metrics/mAP50-95(B),           val/box_loss,           val/cls_loss,           val/dfl_loss,                 lr/pg0,                 lr/pg1,                 lr/pg2
                      1,                 1.7519,                 2.4379,                0.88921,                0.03634,                 0.1989,                0.15376,                0.07735,                 1.6694,                 3.0582,                0.85481,             0.00040598,             0.00040598,             0.00040598
                      2,                 1.5928,                 1.2236,                0.85112,                0.96534,                0.15246,                0.22628,                0.11611,                 1.4724,                 1.9599,                0.84229,             0.00081451,             0.00081451,             0.00081451
                      3,                 1.5603,                 1.1352,                0.84702,                 0.7983,                0.24014,                0.26691,                0.14701,                 1.3894,                 1.2978,                 0.8394,              0.0012148,              0.0012148,              0.0012148
                      4,                 1.4468,                 1.0522,                0.84085,                0.86974,                0.24618,                0.29885,                0.16801,                 1.4233,                 1.1879,                0.83697,              0.0012129,              0.0012129,              0.0012129
                      5,                 1.4714,                 1.0055,                0.83462,                0.80627,                0.28416,                0.35278,                0.20877,                 1.3462,                0.93275,                0.83435,              0.0012129,              0.0012129,              0.0012129
